Workbook

Sheet Cover Page
C11: EuroBank
C16: ATTACHMENT 4-D
C18: RESOURCE BASELINES
C19: Attachment to Exhibit 4 (Pricing and Financial Provisions)

Sheet Total Resource Baseline Units
A1: TOTAL RESOURCE BASELINE | B1: Resource Units | D1: Year 1 Annual Avg. | E1: Year 2 Annual Avg. | F1: Year 3 Annual Avg. | G1: Year 4 Annual Avg. | H1: Year 5 Annual Avg.
A2: EUC
A3: Support Services
A4: Medium Service Level | I4: 250 Named Users and 2000 Field Agents located in NL and BE, as defined in Exhibit 3 are included in the Resource Baseline and therefore in the Base Charges.
A5: Standard Desktops | D5: =SUM('NL Resource Baseline Units:BE Resource Baseline Units'!D5) | E5: =SUM('NL Resource Baseline Units:BE Resource Baseline Units'!E5) | F5: =SUM('NL Resource Baseline Units:BE Resource Baseline Units'!F5) | G5: =SUM('NL Resource Baseline Units:BE Resource Baseline Units'!G5) | H5: =SUM('NL Resource Baseline Units:BE Resource Baseline Units'!H5)
A6: Non-Standard Desktops | D6: =SUM('NL Resource Baseline Units:BE Resource Baseline Units'!D6) | E6: =SUM('NL Resource Baseline Units:BE Resource Baseline Units'!E6) | F6: =SUM('NL Resource Baseline Units:BE Resource Baseline Units'!F6) | G6: =SUM('NL Resource Baseline Units:BE Resource Baseline Units'!G6) | H6: =SUM('NL Resource Baseline Units:BE Resource Baseline Units'!H6)
A7: Standard Laptops | D7: =SUM('NL Resource Baseline Units:BE Resource Baseline Units'!D7) | E7: =SUM('NL Resource Baseline Units:BE Resource Baseline Units'!E7) | F7: =SUM('NL Resource Baseline Units:BE Resource Baseline Units'!F7) | G7: =SUM('NL Resource Baseline Units:BE Resource Baseline Units'!G7) | H7: =SUM('NL Resource Baseline Units:BE Resource Baseline Units'!H7)
A8: Non-Standard Laptops | D8: =SUM('NL Resource Baseline Units:BE Resource Baseline Units'!D8) | E8: =SUM('NL Resource Baseline Units:BE Resource Baseline Units'!E8) | F8: =SUM('NL Resource Baseline Units:BE Resource Baseline Units'!F8) | G8: =SUM('NL Resource Baseline Units:BE Resource Baseline Units'!G8) | H8: =SUM('NL Resource Baseline Units:BE Resource Baseline Units'!H8)
A9: Standard Local Printers | D9: =SUM('NL Resource Baseline Units:BE Resource Baseline Units'!D9) | E9: =SUM('NL Resource Baseline Units:BE Resource Baseline Units'!E9) | F9: =SUM('NL Resource Baseline Units:BE Resource Baseline Units'!F9) | G9: =SUM('NL Resource Baseline Units:BE Resource Baseline Units'!G9) | H9: =SUM('NL Resource Baseline Units:BE Resource Baseline Units'!H9)
A10: Non-Standard Local Printers | D10: =SUM('NL Resource Baseline Units:BE Resource Baseline Units'!D10) | E10: =SUM('NL Resource Baseline Units:BE Resource Baseline Units'!E10) | F10: =SUM('NL Resource Baseline Units:BE Resource Baseline Units'!F10) | G10: =SUM('NL Resource Baseline Units:BE Resource Baseline Units'!G10) | H10: =SUM('NL Resource Baseline Units:BE Resource Baseline Units'!H10)
A11: Standard Network Printers | D11: =SUM('NL Resource Baseline Units:BE Resource Baseline Units'!D11) | E11: =SUM('NL Resource Baseline Units:BE Resource Baseline Units'!E11) | F11: =SUM('NL Resource Baseline Units:BE Resource Baseline Units'!F11) | G11: =SUM('NL Resource Baseline Units:BE Resource Baseline Units'!G11) | H11: =SUM('NL Resource Baseline Units:BE Resource Baseline Units'!H11)
A12: Non-Standard Network Printers | D12: =SUM('NL Resource Baseline Units:BE Resource Baseline Units'!D12) | E12: =SUM('NL Resource Baseline Units:BE Resource Baseline Units'!E12) | F12: =SUM('NL Resource Baseline Units:BE Resource Baseline Units'!F12) | G12: =SUM('NL Resource Baseline Units:BE Resource Baseline Units'!G12) | H12: =SUM('NL Resource Baseline Units:BE Resource Baseline Units'!H12)
A13: Other Peripherals | D13: =SUM('NL Resource Baseline Units:BE Resource Baseline Units'!D13) | E13: =SUM('NL Resource Baseline Units:BE Resource Baseline Units'!E13) | F13: =SUM('NL Resource Baseline Units:BE Resource Baseline Units'!F13) | G13: =SUM('NL Resource Baseline Units:BE Resource Baseline Units'!G13) | H13: =SUM('NL Resource Baseline Units:BE Resource Baseline Units'!H13)
D14: =SUM('NL Resource Baseline Units:BE Resource Baseline Units'!D14) | E14: =SUM('NL Resource Baseline Units:BE Resource Baseline Units'!E14) | F14: =SUM('NL Resource Baseline Units:BE Resource Baseline Units'!F14) | G14: =SUM('NL Resource Baseline Units:BE Resource Baseline Units'!G14) | H14: =SUM('NL Resource Baseline Units:BE Resource Baseline Units'!H14)
A15: Installations | D15: =SUM('NL Resource Baseline Units:BE Resource Baseline Units'!D15) | E15: =SUM('NL Resource Baseline Units:BE Resource Baseline Units'!E15) | F15: =SUM('NL Resource Baseline Units:BE Resource Baseline Units'!F15) | G15: =SUM('NL Resource Baseline Units:BE Resource Baseline Units'!G15) | H15: =SUM('NL Resource Baseline Units:BE Resource Baseline Units'!H15)
A16: Moves | D16: =SUM('NL Resource Baseline Units:BE Resource Baseline Units'!D16) | E16: =SUM('NL Resource Baseline Units:BE Resource Baseline Units'!E16) | F16: =SUM('NL Resource Baseline Units:BE Resource Baseline Units'!F16) | G16: =SUM('NL Resource Baseline Units:BE Resource Baseline Units'!G16) | H16: =SUM('NL Resource Baseline Units:BE Resource Baseline Units'!H16)
A17: Adds | D17: =SUM('NL Resource Baseline Units:BE Resource Baseline Units'!D17) | E17: =SUM('NL Resource Baseline Units:BE Resource Baseline Units'!E17) | F17: =SUM('NL Resource Baseline Units:BE Resource Baseline Units'!F17) | G17: =SUM('NL Resource Baseline Units:BE Resource Baseline Units'!G17) | H17: =SUM('NL Resource Baseline Units:BE Resource Baseline Units'!H17)
A18: Changes | D18: =SUM('NL Resource Baseline Units:BE Resource Baseline Units'!D18) | E18: =SUM('NL Resource Baseline Units:BE Resource Baseline Units'!E18) | F18: =SUM('NL Resource Baseline Units:BE Resource Baseline Units'!F18) | G18: =SUM('NL Resource Baseline Units:BE Resource Baseline Units'!G18) | H18: =SUM('NL Resource Baseline Units:BE Resource Baseline Units'!H18)
A19: Low Service Level
A20: Standard Desktops | D20: =SUM('NL Resource Baseline Units:BE Resource Baseline Units'!D20) | E20: =SUM('NL Resource Baseline Units:BE Resource Baseline Units'!E20) | F20: =SUM('NL Resource Baseline Units:BE Resource Baseline Units'!F20) | G20: =SUM('NL Resource Baseline Units:BE Resource Baseline Units'!G20) | H20: =SUM('NL Resource Baseline Units:BE Resource Baseline Units'!H20)
A21: Non-Standard Desktops | D21: =SUM('NL Resource Baseline Units:BE Resource Baseline Units'!D21) | E21: =SUM('NL Resource Baseline Units:BE Resource Baseline Units'!E21) | F21: =SUM('NL Resource Baseline Units:BE Resource Baseline Units'!F21) | G21: =SUM('NL Resource Baseline Units:BE Resource Baseline Units'!G21) | H21: =SUM('NL Resource Baseline Units:BE Resource Baseline Units'!H21)
A22: Standard Laptops | D22: =SUM('NL Resource Baseline Units:BE Resource Baseline Units'!D22) | E22: =SUM('NL Resource Baseline Units:BE Resource Baseline Units'!E22) | F22: =SUM('NL Resource Baseline Units:BE Resource Baseline Units'!F22) | G22: =SUM('NL Resource Baseline Units:BE Resource Baseline Units'!G22) | H22: =SUM('NL Resource Baseline Units:BE Resource Baseline Units'!H22)
A23: Non-Standard Laptops | D23: =SUM('NL Resource Baseline Units:BE Resource Baseline Units'!D23) | E23: =SUM('NL Resource Baseline Units:BE Resource Baseline Units'!E23) | F23: =SUM('NL Resource Baseline Units:BE Resource Baseline Units'!F23) | G23: =SUM('NL Resource Baseline Units:BE Resource Baseline Units'!G23) | H23: =SUM('NL Resource Baseline Units:BE Resource Baseline Units'!H23)
A24: Standard Local Printers | D24: =SUM('NL Resource Baseline Units:BE Resource Baseline Units'!D24) | E24: =SUM('NL Resource Baseline Units:BE Resource Baseline Units'!E24) | F24: =SUM('NL Resource Baseline Units:BE Resource Baseline Units'!F24) | G24: =SUM('NL Resource Baseline Units:BE Resource Baseline Units'!G24) | H24: =SUM('NL Resource Baseline Units:BE Resource Baseline Units'!H24)
A25: Non-Standard Local Printers | D25: =SUM('NL Resource Baseline Units:BE Resource Baseline Units'!D25) | E25: =SUM('NL Resource Baseline Units:BE Resource Baseline Units'!E25) | F25: =SUM('NL Resource Baseline Units:BE Resource Baseline Units'!F25) | G25: =SUM('NL Resource Baseline Units:BE Resource Baseline Units'!G25) | H25: =SUM('NL Resource Baseline Units:BE Resource Baseline Units'!H25)
A26: Standard Network Printers | D26: =SUM('NL Resource Baseline Units:BE Resource Baseline Units'!D26) | E26: =SUM('NL Resource Baseline Units:BE Resource Baseline Units'!E26) | F26: =SUM('NL Resource Baseline Units:BE Resource Baseline Units'!F26) | G26: =SUM('NL Resource Baseline Units:BE Resource Baseline Units'!G26) | H26: =SUM('NL Resource Baseline Units:BE Resource Baseline Units'!H26)
A27: Non-Standard Network Printers | D27: =SUM('NL Resource Baseline Units:BE Resource Baseline Units'!D27) | E27: =SUM('NL Resource Baseline Units:BE Resource Baseline Units'!E27) | F27: =SUM('NL Resource Baseline Units:BE Resource Baseline Units'!F27) | G27: =SUM('NL Resource Baseline Units:BE Resource Baseline Units'!G27) | H27: =SUM('NL Resource Baseline Units:BE Resource Baseline Units'!H27)
A28: Other Peripherals | D28: =SUM('NL Resource Baseline Units:BE Resource Baseline Units'!D28) | E28: =SUM('NL Resource Baseline Units:BE Resource Baseline Units'!E28) | F28: =SUM('NL Resource Baseline Units:BE Resource Baseline Units'!F28) | G28: =SUM('NL Resource Baseline Units:BE Resource Baseline Units'!G28) | H28: =SUM('NL Resource Baseline Units:BE Resource Baseline Units'!H28)
D29: =SUM('NL Resource Baseline Units:BE Resource Baseline Units'!D29) | E29: =SUM('NL Resource Baseline Units:BE Resource Baseline Units'!E29) | F29: =SUM('NL Resource Baseline Units:BE Resource Baseline Units'!F29) | G29: =SUM('NL Resource Baseline Units:BE Resource Baseline Units'!G29) | H29: =SUM('NL Resource Baseline Units:BE Resource Baseline Units'!H29)
A30: Installations | D30: =SUM('NL Resource Baseline Units:BE Resource Baseline Units'!D30) | E30: =SUM('NL Resource Baseline Units:BE Resource Baseline Units'!E30) | F30: =SUM('NL Resource Baseline Units:BE Resource Baseline Units'!F30) | G30: =SUM('NL Resource Baseline Units:BE Resource Baseline Units'!G30) | H30: =SUM('NL Resource Baseline Units:BE Resource Baseline Units'!H30)
A31: Moves | D31: =SUM('NL Resource Baseline Units:BE Resource Baseline Units'!D31) | E31: =SUM('NL Resource Baseline Units:BE Resource Baseline Units'!E31) | F31: =SUM('NL Resource Baseline Units:BE Resource Baseline Units'!F31) | G31: =SUM('NL Resource Baseline Units:BE Resource Baseline Units'!G31) | H31: =SUM('NL Resource Baseline Units:BE Resource Baseline Units'!H31)
A32: Adds | D32: =SUM('NL Resource Baseline Units:BE Resource Baseline Units'!D32) | E32: =SUM('NL Resource Baseline Units:BE Resource Baseline Units'!E32) | F32: =SUM('NL Resource Baseline Units:BE Resource Baseline Units'!F32) | G32: =SUM('NL Resource Baseline Units:BE Resource Baseline Units'!G32) | H32: =SUM('NL Resource Baseline Units:BE Resource Baseline Units'!H32)
A33: Changes | D33: =SUM('NL Resource Baseline Units:BE Resource Baseline Units'!D33) | E33: =SUM('NL Resource Baseline Units:BE Resource Baseline Units'!E33) | F33: =SUM('NL Resource Baseline Units:BE Resource Baseline Units'!F33) | G33: =SUM('NL Resource Baseline Units:BE Resource Baseline Units'!G33) | H33: =SUM('NL Resource Baseline Units:BE Resource Baseline Units'!H33)
A35: Packaging & Distribution
A36: Packages Distributed per year | D36: =SUM('NL Resource Baseline Units:BE Resource Baseline Units'!D36) | E36: =SUM('NL Resource Baseline Units:BE Resource Baseline Units'!E36) | F36: =SUM('NL Resource Baseline Units:BE Resource Baseline Units'!F36) | G36: =SUM('NL Resource Baseline Units:BE Resource Baseline Units'!G36) | H36: =SUM('NL Resource Baseline Units:BE Resource Baseline Units'!H36)
A38: Service Desk
A39: Seats Supported | D39: =SUM('NL Resource Baseline Units:BE Resource Baseline Units'!D39) | E39: =SUM('NL Resource Baseline Units:BE Resource Baseline Units'!E39) | F39: =SUM('NL Resource Baseline Units:BE Resource Baseline Units'!F39) | G39: =SUM('NL Resource Baseline Units:BE Resource Baseline Units'!G39) | H39: =SUM('NL Resource Baseline Units:BE Resource Baseline Units'!H39)
A41: No. of actions per annum | D41: =SUM('NL Resource Baseline Units:BE Resource Baseline Units'!D41) | E41: =SUM('NL Resource Baseline Units:BE Resource Baseline Units'!E41) | F41: =SUM('NL Resource Baseline Units:BE Resource Baseline Units'!F41) | G41: =SUM('NL Resource Baseline Units:BE Resource Baseline Units'!G41) | H41: =SUM('NL Resource Baseline Units:BE Resource Baseline Units'!H41)
A42: Thereof registrated:
A43: Incident | D43: =SUM('NL Resource Baseline Units:BE Resource Baseline Units'!D43) | E43: =SUM('NL Resource Baseline Units:BE Resource Baseline Units'!E43) | F43: =SUM('NL Resource Baseline Units:BE Resource Baseline Units'!F43) | G43: =SUM('NL Resource Baseline Units:BE Resource Baseline Units'!G43) | H43: =SUM('NL Resource Baseline Units:BE Resource Baseline Units'!H43)
A44: Question | D44: =SUM('NL Resource Baseline Units:BE Resource Baseline Units'!D44) | E44: =SUM('NL Resource Baseline Units:BE Resource Baseline Units'!E44) | F44: =SUM('NL Resource Baseline Units:BE Resource Baseline Units'!F44) | G44: =SUM('NL Resource Baseline Units:BE Resource Baseline Units'!G44) | H44: =SUM('NL Resource Baseline Units:BE Resource Baseline Units'!H44)
A45: Service Request | D45: =SUM('NL Resource Baseline Units:BE Resource Baseline Units'!D45) | E45: =SUM('NL Resource Baseline Units:BE Resource Baseline Units'!E45) | F45: =SUM('NL Resource Baseline Units:BE Resource Baseline Units'!F45) | G45: =SUM('NL Resource Baseline Units:BE Resource Baseline Units'!G45) | H45: =SUM('NL Resource Baseline Units:BE Resource Baseline Units'!H45)
A47: LAN Services
A48: Support Services
A49: Monitoring LAN port IT, SP, ... | D49: =SUM('NL Resource Baseline Units:BE Resource Baseline Units'!D49) | E49: =SUM('NL Resource Baseline Units:BE Resource Baseline Units'!E49) | F49: =SUM('NL Resource Baseline Units:BE Resource Baseline Units'!F49) | G49: =SUM('NL Resource Baseline Units:BE Resource Baseline Units'!G49) | H49: =SUM('NL Resource Baseline Units:BE Resource Baseline Units'!H49)
A50: Site Type A: # of Active LAN Ports | D50: =SUM('NL Resource Baseline Units:BE Resource Baseline Units'!D50) | E50: =SUM('NL Resource Baseline Units:BE Resource Baseline Units'!E50) | F50: =SUM('NL Resource Baseline Units:BE Resource Baseline Units'!F50) | G50: =SUM('NL Resource Baseline Units:BE Resource Baseline Units'!G50) | H50: =SUM('NL Resource Baseline Units:BE Resource Baseline Units'!H50)
A51: Site Type B: # of Active LAN Ports | D51: =SUM('NL Resource Baseline Units:BE Resource Baseline Units'!D51) | E51: =SUM('NL Resource Baseline Units:BE Resource Baseline Units'!E51) | F51: =SUM('NL Resource Baseline Units:BE Resource Baseline Units'!F51) | G51: =SUM('NL Resource Baseline Units:BE Resource Baseline Units'!G51) | H51: =SUM('NL Resource Baseline Units:BE Resource Baseline Units'!H51)
A52: Site Type C: # of Active LAN Ports | D52: =SUM('NL Resource Baseline Units:BE Resource Baseline Units'!D52) | E52: =SUM('NL Resource Baseline Units:BE Resource Baseline Units'!E52) | F52: =SUM('NL Resource Baseline Units:BE Resource Baseline Units'!F52) | G52: =SUM('NL Resource Baseline Units:BE Resource Baseline Units'!G52) | H52: =SUM('NL Resource Baseline Units:BE Resource Baseline Units'!H52)
A54: Voice Services
A55: Locations (Systems & Services)
A56: Call Centres | B56: Location | D56: =SUM('NL Resource Baseline Units:BE Resource Baseline Units'!D56) | E56: =SUM('NL Resource Baseline Units:BE Resource Baseline Units'!E56) | F56: =SUM('NL Resource Baseline Units:BE Resource Baseline Units'!F56) | G56: =SUM('NL Resource Baseline Units:BE Resource Baseline Units'!G56) | H56: =SUM('NL Resource Baseline Units:BE Resource Baseline Units'!H56) | I56: 4,561 seats for the Netherlands and 240 seats for Belgium, are included within these call centres
A57: Employee ISDN | B57: Location | D57: =SUM('NL Resource Baseline Units:BE Resource Baseline Units'!D57) | E57: =SUM('NL Resource Baseline Units:BE Resource Baseline Units'!E57) | F57: =SUM('NL Resource Baseline Units:BE Resource Baseline Units'!F57) | G57: =SUM('NL Resource Baseline Units:BE Resource Baseline Units'!G57) | H57: =SUM('NL Resource Baseline Units:BE Resource Baseline Units'!H57)
D58: =SUM('NL Resource Baseline Units:BE Resource Baseline Units'!D58) | E58: =SUM('NL Resource Baseline Units:BE Resource Baseline Units'!E58) | F58: =SUM('NL Resource Baseline Units:BE Resource Baseline Units'!F58) | G58: =SUM('NL Resource Baseline Units:BE Resource Baseline Units'!G58) | H58: =SUM('NL Resource Baseline Units:BE Resource Baseline Units'!H58)
A59: Videoconferencing rooms | B59: Rooms | D59: =SUM('NL Resource Baseline Units:BE Resource Baseline Units'!D59) | E59: =SUM('NL Resource Baseline Units:BE Resource Baseline Units'!E59) | F59: =SUM('NL Resource Baseline Units:BE Resource Baseline Units'!F59) | G59: =SUM('NL Resource Baseline Units:BE Resource Baseline Units'!G59) | H59: =SUM('NL Resource Baseline Units:BE Resource Baseline Units'!H59)
A60: PBXs: Small (1-50) | B60: System | D60: =SUM('NL Resource Baseline Units:BE Resource Baseline Units'!D60) | E60: =SUM('NL Resource Baseline Units:BE Resource Baseline Units'!E60) | F60: =SUM('NL Resource Baseline Units:BE Resource Baseline Units'!F60) | G60: =SUM('NL Resource Baseline Units:BE Resource Baseline Units'!G60) | H60: =SUM('NL Resource Baseline Units:BE Resource Baseline Units'!H60)
A61: Medium (50-500) | B61: System | D61: =SUM('NL Resource Baseline Units:BE Resource Baseline Units'!D61) | E61: =SUM('NL Resource Baseline Units:BE Resource Baseline Units'!E61) | F61: =SUM('NL Resource Baseline Units:BE Resource Baseline Units'!F61) | G61: =SUM('NL Resource Baseline Units:BE Resource Baseline Units'!G61) | H61: =SUM('NL Resource Baseline Units:BE Resource Baseline Units'!H61)
A62: Large (500+) | B62: System | D62: =SUM('NL Resource Baseline Units:BE Resource Baseline Units'!D62) | E62: =SUM('NL Resource Baseline Units:BE Resource Baseline Units'!E62) | F62: =SUM('NL Resource Baseline Units:BE Resource Baseline Units'!F62) | G62: =SUM('NL Resource Baseline Units:BE Resource Baseline Units'!G62) | H62: =SUM('NL Resource Baseline Units:BE Resource Baseline Units'!H62)
A63: Handsets - Digital (incl. DECT) | B63: set | D63: =SUM('NL Resource Baseline Units:BE Resource Baseline Units'!D63) | E63: =SUM('NL Resource Baseline Units:BE Resource Baseline Units'!E63) | F63: =SUM('NL Resource Baseline Units:BE Resource Baseline Units'!F63) | G63: =SUM('NL Resource Baseline Units:BE Resource Baseline Units'!G63) | H63: =SUM('NL Resource Baseline Units:BE Resource Baseline Units'!H63)
A64: Handsets - Analog | B64: set | D64: =SUM('NL Resource Baseline Units:BE Resource Baseline Units'!D64) | E64: =SUM('NL Resource Baseline Units:BE Resource Baseline Units'!E64) | F64: =SUM('NL Resource Baseline Units:BE Resource Baseline Units'!F64) | G64: =SUM('NL Resource Baseline Units:BE Resource Baseline Units'!G64) | H64: =SUM('NL Resource Baseline Units:BE Resource Baseline Units'!H64)
A65: Cellular Phones | B65: set | D65: =SUM('NL Resource Baseline Units:BE Resource Baseline Units'!D65) | E65: =SUM('NL Resource Baseline Units:BE Resource Baseline Units'!E65) | F65: =SUM('NL Resource Baseline Units:BE Resource Baseline Units'!F65) | G65: =SUM('NL Resource Baseline Units:BE Resource Baseline Units'!G65) | H65: =SUM('NL Resource Baseline Units:BE Resource Baseline Units'!H65)
A66: GPRS/UMTS Cards or Devices | B66: Subscriptions | D66: =SUM('NL Resource Baseline Units:BE Resource Baseline Units'!D66) | E66: =SUM('NL Resource Baseline Units:BE Resource Baseline Units'!E66) | F66: =SUM('NL Resource Baseline Units:BE Resource Baseline Units'!F66) | G66: =SUM('NL Resource Baseline Units:BE Resource Baseline Units'!G66) | H66: =SUM('NL Resource Baseline Units:BE Resource Baseline Units'!H66)
A67: Blackberries | B67: Devices | D67: =SUM('NL Resource Baseline Units:BE Resource Baseline Units'!D67) | E67: =SUM('NL Resource Baseline Units:BE Resource Baseline Units'!E67) | F67: =SUM('NL Resource Baseline Units:BE Resource Baseline Units'!F67) | G67: =SUM('NL Resource Baseline Units:BE Resource Baseline Units'!G67) | H67: =SUM('NL Resource Baseline Units:BE Resource Baseline Units'!H67)
A68: Internal Pagers | B68: Devices | D68: =SUM('NL Resource Baseline Units:BE Resource Baseline Units'!D68) | E68: =SUM('NL Resource Baseline Units:BE Resource Baseline Units'!E68) | F68: =SUM('NL Resource Baseline Units:BE Resource Baseline Units'!F68) | G68: =SUM('NL Resource Baseline Units:BE Resource Baseline Units'!G68) | H68: =SUM('NL Resource Baseline Units:BE Resource Baseline Units'!H68)
A69: External Pagers | B69: Devices | D69: =SUM('NL Resource Baseline Units:BE Resource Baseline Units'!D69) | E69: =SUM('NL Resource Baseline Units:BE Resource Baseline Units'!E69) | F69: =SUM('NL Resource Baseline Units:BE Resource Baseline Units'!F69) | G69: =SUM('NL Resource Baseline Units:BE Resource Baseline Units'!G69) | H69: =SUM('NL Resource Baseline Units:BE Resource Baseline Units'!H69)
A71: VOICE
A72: Domestic Outbound Calls - Local | B72: Min. | D72: =SUM('NL Resource Baseline Units:BE Resource Baseline Units'!D72) | E72: =SUM('NL Resource Baseline Units:BE Resource Baseline Units'!E72) | F72: =SUM('NL Resource Baseline Units:BE Resource Baseline Units'!F72) | G72: =SUM('NL Resource Baseline Units:BE Resource Baseline Units'!G72) | H72: =SUM('NL Resource Baseline Units:BE Resource Baseline Units'!H72)
A73: Domestic Outbound Calls - Long Distance | B73: Min. | D73: =SUM('NL Resource Baseline Units:BE Resource Baseline Units'!D73) | E73: =SUM('NL Resource Baseline Units:BE Resource Baseline Units'!E73) | F73: =SUM('NL Resource Baseline Units:BE Resource Baseline Units'!F73) | G73: =SUM('NL Resource Baseline Units:BE Resource Baseline Units'!G73) | H73: =SUM('NL Resource Baseline Units:BE Resource Baseline Units'!H73)
A74: Domestic Outbound Calls - Cellular | B74: Min. | D74: =SUM('NL Resource Baseline Units:BE Resource Baseline Units'!D74) | E74: =SUM('NL Resource Baseline Units:BE Resource Baseline Units'!E74) | F74: =SUM('NL Resource Baseline Units:BE Resource Baseline Units'!F74) | G74: =SUM('NL Resource Baseline Units:BE Resource Baseline Units'!G74) | H74: =SUM('NL Resource Baseline Units:BE Resource Baseline Units'!H74)
A75: International Outbound Calls | B75: Min. | D75: =SUM('NL Resource Baseline Units:BE Resource Baseline Units'!D75) | E75: =SUM('NL Resource Baseline Units:BE Resource Baseline Units'!E75) | F75: =SUM('NL Resource Baseline Units:BE Resource Baseline Units'!F75) | G75: =SUM('NL Resource Baseline Units:BE Resource Baseline Units'!G75) | H75: =SUM('NL Resource Baseline Units:BE Resource Baseline Units'!H75)
A76: Mobile - national | B76: Min | D76: =SUM('NL Resource Baseline Units:BE Resource Baseline Units'!D76) | E76: =SUM('NL Resource Baseline Units:BE Resource Baseline Units'!E76) | F76: =SUM('NL Resource Baseline Units:BE Resource Baseline Units'!F76) | G76: =SUM('NL Resource Baseline Units:BE Resource Baseline Units'!G76) | H76: =SUM('NL Resource Baseline Units:BE Resource Baseline Units'!H76)
A77: Mobile - international | B77: Min | D77: =SUM('NL Resource Baseline Units:BE Resource Baseline Units'!D77) | E77: =SUM('NL Resource Baseline Units:BE Resource Baseline Units'!E77) | F77: =SUM('NL Resource Baseline Units:BE Resource Baseline Units'!F77) | G77: =SUM('NL Resource Baseline Units:BE Resource Baseline Units'!G77) | H77: =SUM('NL Resource Baseline Units:BE Resource Baseline Units'!H77)
A78: Mobile - roaming outbound | B78: Min | D78: =SUM('NL Resource Baseline Units:BE Resource Baseline Units'!D78) | E78: =SUM('NL Resource Baseline Units:BE Resource Baseline Units'!E78) | F78: =SUM('NL Resource Baseline Units:BE Resource Baseline Units'!F78) | G78: =SUM('NL Resource Baseline Units:BE Resource Baseline Units'!G78) | H78: =SUM('NL Resource Baseline Units:BE Resource Baseline Units'!H78)
A79: Mobile - roaming inbound | B79: Min | D79: =SUM('NL Resource Baseline Units:BE Resource Baseline Units'!D79) | E79: =SUM('NL Resource Baseline Units:BE Resource Baseline Units'!E79) | F79: =SUM('NL Resource Baseline Units:BE Resource Baseline Units'!F79) | G79: =SUM('NL Resource Baseline Units:BE Resource Baseline Units'!G79) | H79: =SUM('NL Resource Baseline Units:BE Resource Baseline Units'!H79)
A80: Free phone Service Calls | B80: Calls | D80: =SUM('NL Resource Baseline Units:BE Resource Baseline Units'!D80) | E80: =SUM('NL Resource Baseline Units:BE Resource Baseline Units'!E80) | F80: =SUM('NL Resource Baseline Units:BE Resource Baseline Units'!F80) | G80: =SUM('NL Resource Baseline Units:BE Resource Baseline Units'!G80) | H80: =SUM('NL Resource Baseline Units:BE Resource Baseline Units'!H80)
A81: Free phone Services Dedicated | B81: Min. | D81: =SUM('NL Resource Baseline Units:BE Resource Baseline Units'!D81) | E81: =SUM('NL Resource Baseline Units:BE Resource Baseline Units'!E81) | F81: =SUM('NL Resource Baseline Units:BE Resource Baseline Units'!F81) | G81: =SUM('NL Resource Baseline Units:BE Resource Baseline Units'!G81) | H81: =SUM('NL Resource Baseline Units:BE Resource Baseline Units'!H81)
A82: High Tariff Outbound Calls (0900) | B82: Min. | D82: =SUM('NL Resource Baseline Units:BE Resource Baseline Units'!D82) | E82: =SUM('NL Resource Baseline Units:BE Resource Baseline Units'!E82) | F82: =SUM('NL Resource Baseline Units:BE Resource Baseline Units'!F82) | G82: =SUM('NL Resource Baseline Units:BE Resource Baseline Units'!G82) | H82: =SUM('NL Resource Baseline Units:BE Resource Baseline Units'!H82)
A83: High Tariff Outbound Calls (0676 internet) | B83: Min. | D83: =SUM('NL Resource Baseline Units:BE Resource Baseline Units'!D83) | E83: =SUM('NL Resource Baseline Units:BE Resource Baseline Units'!E83) | F83: =SUM('NL Resource Baseline Units:BE Resource Baseline Units'!F83) | G83: =SUM('NL Resource Baseline Units:BE Resource Baseline Units'!G83) | H83: =SUM('NL Resource Baseline Units:BE Resource Baseline Units'!H83)
... A86: Voice - Hard IMACS | B86: per IMAC | D86: =SUM('NL Resource Baseline Units:BE Resource Baseline Units'!D86) | E86: =SUM('NL Resource Baseline Units:BE Resource Baseline Units'!E86) | F86: =SUM('NL Resource Baseline Units:BE Resource Baseline Units'!F86) | G86: =SUM('NL Resource Baseline Units:BE Resource Baseline Units'!G86) | H86: =SUM('NL Resource Baseline Units:BE Resource Baseline Units'!H86)
A88: Subscriptions
A89: ISDN 1 | D89: =SUM('NL Resource Baseline Units:BE Resource Baseline Units'!D89) | E89: =SUM('NL Resource Baseline Units:BE Resource Baseline Units'!E89) | F89: =SUM('NL Resource Baseline Units:BE Resource Baseline Units'!F89) | G89: =SUM('NL Resource Baseline Units:BE Resource Baseline Units'!G89) | H89: =SUM('NL Resource Baseline Units:BE Resource Baseline Units'!H89)
A90: ISDN 2 | D90: =SUM('NL Resource Baseline Units:BE Resource Baseline Units'!D90) | E90: =SUM('NL Resource Baseline Units:BE Resource Baseline Units'!E90) | F90: =SUM('NL Resource Baseline Units:BE Resource Baseline Units'!F90) | G90: =SUM('NL Resource Baseline Units:BE Resource Baseline Units'!G90) | H90: =SUM('NL Resource Baseline Units:BE Resource Baseline Units'!H90)
A91: ISDN 15 | D91: =SUM('NL Resource Baseline Units:BE Resource Baseline Units'!D91) | E91: =SUM('NL Resource Baseline Units:BE Resource Baseline Units'!E91) | F91: =SUM('NL Resource Baseline Units:BE Resource Baseline Units'!F91) | G91: =SUM('NL Resource Baseline Units:BE Resource Baseline Units'!G91) | H91: =SUM('NL Resource Baseline Units:BE Resource Baseline Units'!H91)
A92: ISDN 30 | D92: =SUM('NL Resource Baseline Units:BE Resource Baseline Units'!D92) | E92: =SUM('NL Resource Baseline Units:BE Resource Baseline Units'!E92) | F92: =SUM('NL Resource Baseline Units:BE Resource Baseline Units'!F92) | G92: =SUM('NL Resource Baseline Units:BE Resource Baseline Units'!G92) | H92: =SUM('NL Resource Baseline Units:BE Resource Baseline Units'!H92)
A93: ISDN 30 (CPA) | D93: =SUM('NL Resource Baseline Units:BE Resource Baseline Units'!D93) | E93: =SUM('NL Resource Baseline Units:BE Resource Baseline Units'!E93) | F93: =SUM('NL Resource Baseline Units:BE Resource Baseline Units'!F93) | G93: =SUM('NL Resource Baseline Units:BE Resource Baseline Units'!G93) | H93: =SUM('NL Resource Baseline Units:BE Resource Baseline Units'!H93)
A94: Dual homing telephony | D94: =SUM('NL Resource Baseline Units:BE Resource Baseline Units'!D94) | E94: =SUM('NL Resource Baseline Units:BE Resource Baseline Units'!E94) | F94: =SUM('NL Resource Baseline Units:BE Resource Baseline Units'!F94) | G94: =SUM('NL Resource Baseline Units:BE Resource Baseline Units'!G94) | H94: =SUM('NL Resource Baseline Units:BE Resource Baseline Units'!H94)
A95: DDI reserved numbers (10) | D95: =SUM('NL Resource Baseline Units:BE Resource Baseline Units'!D95) | E95: =SUM('NL Resource Baseline Units:BE Resource Baseline Units'!E95) | F95: =SUM('NL Resource Baseline Units:BE Resource Baseline Units'!F95) | G95: =SUM('NL Resource Baseline Units:BE Resource Baseline Units'!G95) | H95: =SUM('NL Resource Baseline Units:BE Resource Baseline Units'!H95)
A96: DDI reserved numbers (100) | D96: =SUM('NL Resource Baseline Units:BE Resource Baseline Units'!D96) | E96: =SUM('NL Resource Baseline Units:BE Resource Baseline Units'!E96) | F96: =SUM('NL Resource Baseline Units:BE Resource Baseline Units'!F96) | G96: =SUM('NL Resource Baseline Units:BE Resource Baseline Units'!G96) | H96: =SUM('NL Resource Baseline Units:BE Resource Baseline Units'!H96)
A97: DDI reserved numbers (1000) | D97: =SUM('NL Resource Baseline Units:BE Resource Baseline Units'!D97) | E97: =SUM('NL Resource Baseline Units:BE Resource Baseline Units'!E97) | F97: =SUM('NL Resource Baseline Units:BE Resource Baseline Units'!F97) | G97: =SUM('NL Resource Baseline Units:BE Resource Baseline Units'!G97) | H97: =SUM('NL Resource Baseline Units:BE Resource Baseline Units'!H97)
A98: DDI reserved numbers (10000) | D98: =SUM('NL Resource Baseline Units:BE Resource Baseline Units'!D98) | E98: =SUM('NL Resource Baseline Units:BE Resource Baseline Units'!E98) | F98: =SUM('NL Resource Baseline Units:BE Resource Baseline Units'!F98) | G98: =SUM('NL Resource Baseline Units:BE Resource Baseline Units'!G98) | H98: =SUM('NL Resource Baseline Units:BE Resource Baseline Units'!H98)
A99: DDI facilities | D99: =SUM('NL Resource Baseline Units:BE Resource Baseline Units'!D99) | E99: =SUM('NL Resource Baseline Units:BE Resource Baseline Units'!E99) | F99: =SUM('NL Resource Baseline Units:BE Resource Baseline Units'!F99) | G99: =SUM('NL Resource Baseline Units:BE Resource Baseline Units'!G99) | H99: =SUM('NL Resource Baseline Units:BE Resource Baseline Units'!H99)
A100: Calamity services | D100: =SUM('NL Resource Baseline Units:BE Resource Baseline Units'!D100) | E100: =SUM('NL Resource Baseline Units:BE Resource Baseline Units'!E100) | F100: =SUM('NL Resource Baseline Units:BE Resource Baseline Units'!F100) | G100: =SUM('NL Resource Baseline Units:BE Resource Baseline Units'!G100) | H100: =SUM('NL Resource Baseline Units:BE Resource Baseline Units'!H100)
... A104: Telex | D104: =SUM('NL Resource Baseline Units:BE Resource Baseline Units'!D104) | E104: =SUM('NL Resource Baseline Units:BE Resource Baseline Units'!E104) | F104: =SUM('NL Resource Baseline Units:BE Resource Baseline Units'!F104) | G104: =SUM('NL Resource Baseline Units:BE Resource Baseline Units'!G104) | H104: =SUM('NL Resource Baseline Units:BE Resource Baseline Units'!H104)
A106: Server Management
A107: Support Services
A109: Number of Servers | D109: =SUM('NL Resource Baseline Units:BE Resource Baseline Units'!D109) | E109: =SUM('NL Resource Baseline Units:BE Resource Baseline Units'!E109) | F109: =SUM('NL Resource Baseline Units:BE Resource Baseline Units'!F109) | G109: =SUM('NL Resource Baseline Units:BE Resource Baseline Units'!G109) | H109: =SUM('NL Resource Baseline Units:BE Resource Baseline Units'!H109)
A110: Number of Production Servers | D110: =SUM('NL Resource Baseline Units:BE Resource Baseline Units'!D110) | E110: =SUM('NL Resource Baseline Units:BE Resource Baseline Units'!E110) | F110: =SUM('NL Resource Baseline Units:BE Resource Baseline Units'!F110) | G110: =SUM('NL Resource Baseline Units:BE Resource Baseline Units'!G110) | H110: =SUM('NL Resource Baseline Units:BE Resource Baseline Units'!H110)
A111: Number of High Availability Servers | D111: =SUM('NL Resource Baseline Units:BE Resource Baseline Units'!D111) | E111: =SUM('NL Resource Baseline Units:BE Resource Baseline Units'!E111) | F111: =SUM('NL Resource Baseline Units:BE Resource Baseline Units'!F111) | G111: =SUM('NL Resource Baseline Units:BE Resource Baseline Units'!G111) | H111: =SUM('NL Resource Baseline Units:BE Resource Baseline Units'!H111)
A112: Number of Centralised Servers | D112: =SUM('NL Resource Baseline Units:BE Resource Baseline Units'!D112) | E112: =SUM('NL Resource Baseline Units:BE Resource Baseline Units'!E112) | F112: =SUM('NL Resource Baseline Units:BE Resource Baseline Units'!F112) | G112: =SUM('NL Resource Baseline Units:BE Resource Baseline Units'!G112) | H112: =SUM('NL Resource Baseline Units:BE Resource Baseline Units'!H112)
A113: Number of Decentralized Servers | D113: =SUM('NL Resource Baseline Units:BE Resource Baseline Units'!D113) | E113: =SUM('NL Resource Baseline Units:BE Resource Baseline Units'!E113) | F113: =SUM('NL Resource Baseline Units:BE Resource Baseline Units'!F113) | G113: =SUM('NL Resource Baseline Units:BE Resource Baseline Units'!G113) | H113: =SUM('NL Resource Baseline Units:BE Resource Baseline Units'!H113)
A114: Number of Pedestal Servers | D114: =SUM('NL Resource Baseline Units:BE Resource Baseline Units'!D114) | E114: =SUM('NL Resource Baseline Units:BE Resource Baseline Units'!E114) | F114: =SUM('NL Resource Baseline Units:BE Resource Baseline Units'!F114) | G114: =SUM('NL Resource Baseline Units:BE Resource Baseline Units'!G114) | H114: =SUM('NL Resource Baseline Units:BE Resource Baseline Units'!H114)
...

Sheet NL Resource Baseline Units
A1: NETHERLANDS RESOURCE BASELINE | B1: Resource Units | D1: Year 1 Annual Avg. | E1: Year 2 Annual Avg. | F1: Year 3 Annual Avg. | G1: Year 4 Annual Avg. | H1: Year 5 Annual Avg.
A2: EUC
A3: Support Services
A4: Medium Service Level
A5: Standard Desktops | D5: 10500 | E5: 10500 | F5: 10500 | G5: 10500 | H5: 10500
A6: Non-Standard Desktops | D6: 100 | E6: 100 | F6: 100 | G6: 100 | H6: 100
A7: Standard Laptops | D7: 2200 | E7: 2200 | F7: 2200 | G7: 2200 | H7: 2200
A8: Non-Standard Laptops | D8: 0 | E8: 0 | F8: 0 | G8: 0 | H8: 0
A9: Standard Local Printers | D9: 2000 | E9: 2000 | F9: 2000 | G9: 2000 | H9: 2000
A10: Non-Standard Local Printers
A11: Standard Network Printers
A12: Non-Standard Network Printers
A13: Other Peripherals
A15: Installations | D15: 2300 | E15: 1800 | F15: 1800 | G15: 1800 | H15: 1800
A16: Moves | D16: 2000 | E16: 2000 | F16: 2000 | G16: 2000 | H16: 2000
A17: Adds | D17: 200 | E17: 200 | F17: 200 | G17: 200 | H17: 200
A18: Changes | D18: 700 | E18: 700 | F18: 700 | G18: 700 | H18: 700
A19: Low Service Level
A20: Standard Desktops | D20: 30805 | E20: 30805 | F20: 30805 | G20: 30805 | H20: 30805
A21: Non-Standard Desktops | D21: 500 | E21: 500 | F21: 500 | G21: 500 | H21: 500
A22: Standard Laptops | D22: 2256 | E22: 2256 | F22: 2256 | G22: 2256 | H22: 2256
A23: Non-Standard Laptops | D23: 100 | E23: 100 | F23: 100 | G23: 100 | H23: 100
A24: Standard Local Printers | D24: 515.73959 | E24: 515.73959 | F24: 515.73959 | G24: 515.73959 | H24: 515.73959
A25: Non-Standard Local Printers | D25: 687.65278 | E25: 687.65278 | F25: 687.65278 | G25: 687.65278 | H25: 687.65278
A26: Standard Network Printers | D26: 3338.8246 | E26: 3338.8246 | F26: 3338.8246 | G26: 3338.8246 | H26: 3338.8246
A27: Non-Standard Network Printers | D27: 429.78299 | E27: 429.78299 | F27: 429.78299 | G27: 429.78299 | H27: 429.78299
A28: Other Peripherals | D28: 600 | E28: 600 | F28: 600 | G28: 600 | H28: 600
A30: Installations | D30: 2800 | E30: 2800 | F30: 2800 | G30: 2800 | H30: 2800
A31: Moves | D31: 11000 | E31: 11000 | F31: 11000 | G31: 11000 | H31: 11000
A32: Adds
A33: Changes | D33: 3100 | E33: 3100 | F33: 3100 | G33: 3100 | H33: 3100
A35: Packaging & Distribution
A36: Packages Distributed per year | D36: 960 | E36: 960 | F36: 960 | G36: 960 | H36: 960
A39: Seats Supported | D39: 38137 | E39: 38137 | F39: 38137 | G39: 38137 | H39: 38137
A41: No. of actions per annum | D41: 572055 | E41: 533918 | F41: 495781 | G41: 457644 | H41: 419507
A42: Thereof registrated:
A43: Incident | D43: 395810.79 | E43: 369423.4 | F43: 343036.02 | G43: 316648.63 | H43: 290261.25
A44: Question | D44: 62444.491 | E44: 58281.525 | F44: 54118.559 | G44: 49955.593 | H44: 45792.627
A45: Service Request | D45: 113799.72 | E45: 106213.07 | F45: 98626.424 | G45: 91039.776 | H45: 83453.128
A47: LAN Services
A48: Support Services
A49: Monitoring LAN port IT, SP, ...
A50: Site Type A: # of Active LAN Ports | D50: 5324 | E50: 5324 | F50: 5324 | G50: 5324 | H50: 5324
A51: Site Type B: # of Active LAN Ports | D51: 8256 | E51: 8256 | F51: 8256 | G51: 8256 | H51: 8256
A52: Site Type C: # of Active LAN Ports | D52: 34295 | E52: 34295 | F52: 34295 | G52: 34295 | H52: 34295
A54: Voice Services
A55: Locations (Systems & Services)
A56: Call Centres | B56: Location | D56: 10 | E56: 10 | F56: 10 | G56: 10 | H56: 10
A57: Employee ISDN | B57: Location | D57: 1200 | E57: 1200 | F57: 1200 | G57: 1200 | H57: 1200
A59: Videoconferencing rooms | B59: Rooms | D59: 34 | E59: 34 | F59: 34 | G59: 34 | H59: 34
A60: PBXs: Small (1-50) | B60: System | D60: 186 | E60: 186 | F60: 186 | G60: 186 | H60: 186
A61: Medium (50-500) | B61: System | D61: 147 | E61: 147 | F61: 147 | G61: 147 | H61: 147
A62: Large (500+) | B62: System | D62: 25 | E62: 25 | F62: 25 | G62: 25 | H62: 25
A63: Handsets - Digital (incl. DECT) | B63: set | D63: 41870 | E63: 42870 | F63: 43870 | G63: 44870 | H63: 44870
A64: Handsets - Analog | B64: set | D64: 13000 | E64: 12000 | F64: 11000 | G64: 10000 | H64: 10000
A65: Cellular Phones | B65: set | D65: 9500 | E65: 10000 | F65: 11000 | G65: 11000 | H65: 11000
A66: GPRS/UMTS Cards or Devices | B66: Subscriptions | D66: 100 | E66: 120 | F66: 120 | G66: 120 | H66: 120
A67: Blackberries | B67: Devices | D67: 650 | E67: 900 | F67: 1000 | G67: 1000 | H67: 1000
A68: Internal Pagers | B68: Devices | D68: 0 | E68: 0 | F68: 0 | G68: 0 | H68: 0
A69: External Pagers | B69: Devices | D69: 180 | E69: 180 | F69: 180 | G69: 180 | H69: 180
A71: VOICE
A72: Domestic Outbound Calls - Local | B72: Min. | D72: 34815463 | E72: 34815463 | F72: 34815463 | G72: 34815463 | H72: 34815463
A73: Domestic Outbound Calls - Long Distance | B73: Min. | D73: 44174799 | E73: 44174799 | F73: 44174799 | G73: 44174799 | H73: 44174799
A74: Domestic Outbound Calls - Cellular | B74: Min. | D74: 11135995 | E74: 11135995 | F74: 11135995 | G74: 11135995 | H74: 11135995
A75: International Outbound Calls | B75: Min. | D75: 7172137.9 | E75: 7172137.9 | F75: 7172137.9 | G75: 7172137.9 | H75: 7172137.9
A76: Mobile - national | B76: Min | D76: 22538930 | E76: 24587920 | F76: 26636910 | G76: 26636910 | H76: 26636910
A77: Mobile - international | B77: Min | D77: 627370 | E77: 684400 | F77: 741430 | G77: 741430 | H77: 741430
A78: Mobile - roaming outbound | B78: Min | D78: 1076850 | E78: 1174740 | F78: 1272630 | G78: 1272630 | H78: 1272630
A79: Mobile - roaming inbound | B79: Min | D79: 453804 | E79: 453804 | F79: 453804 | G79: 453804 | H79: 453804
A80: Free phone Service Calls | B80: Calls | D80: 3700000 | E80: 3700000 | F80: 3700000 | G80: 3700000 | H80: 3700000
A81: Free phone Services Dedicated | B81: Min. | D81: 14540000 | E81: 14540000 | F81: 14540000 | G81: 14540000 | H81: 14540000
A82: High Tariff Outbound Calls (0900) | B82: Min. | D82: 2355846 | E82: 2355846 | F82: 2355846 | G82: 2355846 | H82: 2355846
A83: High Tariff Outbound Calls (0676 internet) | B83: Min. | D83: 38505759 | E83: 38505759 | F83: 38505759 | G83: 38505759 | H83: 38505759
... A86: Voice - Hard IMACS | B86: per IMAC | D86: 8600 | E86: 8000 | F86: 7400 | G86: 6800 | H86: 6200
A88: Subscriptions
A89: ISDN 1 | D89: 88 | E89: 1139 | F89: 1139 | G89: 1139 | H89: 1139
A90: ISDN 2 | D90: 5068 | E90: 2729 | F90: 2729 | G90: 2729 | H90: 2729
A91: ISDN 15 | D91: 6 | E91: 4 | F91: 4 | G91: 4 | H91: 4
A92: ISDN 30 | D92: 207 | E92: 166 | F92: 166 | G92: 166 | H92: 166
A93: ISDN 30 (CPA) | D93: 317 | E93: 293 | F93: 293 | G93: 293 | H93: 293
A94: Dual homing telephony | D94: 7 | E94: 7 | F94: 7 | G94: 7 | H94: 7
A95: DDI reserved numbers (10) | D95: 1068 | E95: 542 | F95: 542 | G95: 542 | H95: 542
A96: DDI reserved numbers (100) | D96: 735 | E96: 355 | F96: 355 | G96: 355 | H96: 355
A97: DDI reserved numbers (1000) | D97: 55 | E97: 23 | F97: 23 | G97: 23 | H97: 23
A98: DDI reserved numbers (10000) | D98: 3 | E98: 2 | F98: 2 | G98: 2 | H98: 2
A99: DDI facilities | D99: 845.06299 | E99: 845.06299 | F99: 845.06299 | G99: 845.06299 | H99: 845.06299
A100: Calamity services | D100: 7 | E100: 7 | F100: 7 | G100: 7 | H100: 7
... A104: Telex | D104: 70 | E104: 0 | F104: 0 | G104: 0 | H104: 0
A106: Server Management
A107: Support Services
A109: Number of Servers | D109: 2500 | E109: 2500 | F109: 2500 | G109: 2500 | H109: 2500
A110: Number of Production Servers
A111: Number of High Availability Servers
A112: Number of Centralised Servers
A113: Number of Decentralized Servers
A114: Number of Pedestal Servers
A115: Number of Rack Servers
A116: Number of Blade Servers
A119: Total DAS (TB) | D119: 116.83653 | E119: 110 | F119: 110 | G119: 110 | H119: 110
A120: E-mail Accounts | D120: 60000 | E120: 60000 | F120: 60000 | G120: 60000 | H120: 60000

Sheet BE Resource Baseline Units
A1: BELGIUM RESOURCE BASELINE | B1: Resource Units | D1: Year 1 Annual Avg. | E1: Year 2 Annual Avg. | F1: Year 3 Annual Avg. | G1: Year 4 Annual Avg. | H1: Year 5 Annual Avg.
A2: EUC
A3: Support Services
A4: Medium Service Level
A5: Standard Desktops | D5: 5245 | E5: 5245 | F5: 5245 | G5: 5245 | H5: 5245
A6: Non-Standard Desktops
A7: Standard Laptops | D7: 856 | E7: 856 | F7: 856 | G7: 856 | H7: 856
A8: Non-Standard Laptops
A9: Standard Local Printers | D9: 2495.5 | E9: 2495.5 | F9: 2495.5 | G9: 2495.5 | H9: 2495.5
A10: Non-Standard Local Printers
A11: Standard Network Printers | D11: 359 | E11: 359 | F11: 359 | G11: 359 | H11: 359
A12: Non-Standard Network Printers | D12: 93 | E12: 93 | F12: 93 | G12: 93 | H12: 93
A13: Other Peripherals
A15: Installations | D15: 682 | E15: 682 | F15: 682 | G15: 682 | H15: 682
A16: Moves | D16: 1085 | E16: 1085 | F16: 1085 | G16: 1085 | H16: 1085
A17: Adds
A18: Changes | D18: 899 | E18: 899 | F18: 899 | G18: 899 | H18: 899
A19: Low Service Level
A20: Standard Desktops | D20: 12049 | E20: 12049 | F20: 12049 | G20: 12049 | H20: 12049
A21: Non-Standard Desktops
A22: Standard Laptops | D22: 967 | E22: 967 | F22: 967 | G22: 967 | H22: 967
A23: Non-Standard Laptops
A24: Standard Local Printers | D24: 5554.5 | E24: 5554.5 | F24: 5554.5 | G24: 5554.5 | H24: 5554.5
A25: Non-Standard Local Printers
A26: Standard Network Printers | D26: 800 | E26: 800 | F26: 800 | G26: 800 | H26: 800
A27: Non-Standard Network Printers | D27: 207 | E27: 207 | F27: 207 | G27: 207 | H27: 207
A28: Other Peripherals
A30: Installations | D30: 1518 | E30: 1518 | F30: 1518 | G30: 1518 | H30: 1518
A31: Moves | D31: 2415 | E31: 2415 | F31: 2415 | G31: 2415 | H31: 2415
A32: Adds
A33: Changes | D33: 2001 | E33: 2001 | F33: 2001 | G33: 2001 | H33: 2001
A35: Packaging & Distribution
A36: Packages Distributed per year | D36: 991 | E36: 970 | F36: 970 | G36: 970 | H36: 970
A38: Service Desk
A39: Seats Supported | D39: 15530 | E39: 15530 | F39: 15530 | G39: 15530 | H39: 15530
A41: No. of actions per annum | D41: 232950 | E41: 217420 | F41: 201890 | G41: 186360 | H41: 170830
A42: Thereof registrated:
A43: Incident | D43: 140188.47 | E43: 130842.57 | F43: 121496.68 | G43: 112150.78 | H43: 102804.88
A44: Question | D44: 12554.192 | E44: 11717.246 | F44: 10880.299 | G44: 10043.353 | H44: 9206.4072
A45: Service Request | D45: 80207.335 | E45: 74860.18 | F45: 69513.024 | G45: 64165.868 | H45: 58818.713
A47: LAN Services
A48: Support Services
A49: Monitoring LAN port IT, SP, ... | D49: 2000 | E49: 2000 | F49: 2000 | G49: 2000 | H49: 2000
A50: Site Type A: # of Active LAN Ports | D50: 14464 | E50: 14464 | F50: 14464 | G50: 14464 | H50: 14464
A51: Site Type B: # of Active LAN Ports | D51: 2419 | E51: 2419 | F51: 2419 | G51: 2419 | H51: 2419
A52: Site Type C: # of Active LAN Ports | D52: 11682 | E52: 11682 | F52: 11682 | G52: 11682 | H52: 11682
A54: Voice Services
A55: Locations (Systems & Services)
A56: Call Centres | B56: Location | D56: 1 | E56: 1 | F56: 1 | G56: 1 | H56: 1
A57: Employee ISDN | B57: Location | D57: 200 | E57: 200 | F57: 200 | G57: 200 | H57: 200
A59: Videoconferencing rooms | B59: Rooms | D59: 35 | E59: 35 | F59: 35 | G59: 35 | H59: 35
A60: PBXs: Small (1-50) | B60: System | D60: 617 | E60: 617 | F60: 617 | G60: 617 | H60: 617
A61: Medium (50-500) | B61: System | D61: 50 | E61: 50 | F61: 50 | G61: 50 | H61: 50
A62: Large (500+) | B62: System | D62: 3 | E62: 3 | F62: 3 | G62: 3 | H62: 3
A63: Handsets - Digital (incl. DECT) | B63: set | D63: 18266 | E63: 18266 | F63: 18266 | G63: 18266 | H63: 18266
A64: Handsets - Analog | B64: set | D64: 3997 | E64: 3997 | F64: 3997 | G64: 3997 | H64: 3997
A65: Cellular Phones | B65: set | D65: 6990 | E65: 6990 | F65: 6990 | G65: 6990 | H65: 6990
A66: GPRS/UMTS Cards or Devices | B66: Subscriptions | D66: 0 | E66: 0 | F66: 0 | G66: 0 | H66: 0
A67: Blackberries | B67: Devices | D67: 180 | E67: 230 | F67: 280 | G67: 330 | H67: 380
A68: Internal Pagers | B68: Devices | D68: 350 | E68: 350 | F68: 350 | G68: 350 | H68: 350
A69: External Pagers | B69: Devices | D69: 0 | E69: 0 | F69: 0 | G69: 0 | H69: 0
A71: VOICE
A72: Domestic Outbound Calls - Local | B72: Min. | D72: 40760598 | E72: 40760598 | F72: 40760598 | G72: 40760598 | H72: 40760598
A73: Domestic Outbound Calls - Long Distance | B73: Min. | D73: 0 | E73: 0 | F73: 0 | G73: 0 | H73: 0
A74: Domestic Outbound Calls - Cellular | B74: Min. | D74: 6743343 | E74: 6743343 | F74: 6743343 | G74: 6743343 | H74: 6743343
A75: International Outbound Calls | B75: Min. | D75: 2805827 | E75: 2805827 | F75: 2805827 | G75: 2805827 | H75: 2805827
A76: Mobile - national | B76: Min | D76: 10349568 | E76: 10349568 | F76: 10349568 | G76: 10349568 | H76: 10349568
A77: Mobile - international | B77: Min | D77: 133704 | E77: 133704 | F77: 133704 | G77: 133704 | H77: 133704
A78: Mobile - roaming outbound | B78: Min | D78: 216732 | E78: 216732 | F78: 216732 | G78: 216732 | H78: 216732
A79: Mobile - roaming inbound | B79: Min | D79: 188868 | E79: 188868 | F79: 188868 | G79: 188868 | H79: 188868
A80: Free phone Service Calls | B80: Calls | D80: 0 | E80: 0 | F80: 0 | G80: 0 | H80: 0
A81: Free phone Services Dedicated | B81: Min. | D81: 0 | E81: 0 | F81: 0 | G81: 0 | H81: 0
A82: High Tariff Outbound Calls (0900) | B82: Min. | D82: 74121 | E82: 74121 | F82: 74121 | G82: 74121 | H82: 74121
A83: High Tariff Outbound Calls (0676 internet) | B83: Min. | D83: 2716419 | E83: 2716419 | F83: 2716419 | G83: 2716419 | H83: 2716419
... A86: Voice - Hard IMACS | B86: per IMAC | D86: 4160 | E86: 4160 | F86: 4160 | G86: 4160 | H86: 4160
A88: Subscriptions
A89: ISDN 1 | D89: 0 | E89: 0 | F89: 0 | G89: 0 | H89: 0
A90: ISDN 2 | D90: 2323 | E90: 2105 | F90: 2105 | G90: 2105 | H90: 2105
A91: ISDN 15 | D91: 0 | E91: 0 | F91: 0 | G91: 0 | H91: 0
A92: ISDN 30 | D92: 134 | E92: 120 | F92: 120 | G92: 120 | H92: 120
A93: ISDN 30 (CPA) | D93: 0 | E93: 0 | F93: 0 | G93: 0 | H93: 0
A94: Dual homing telephony | D94: 0 | E94: 0 | F94: 0 | G94: 0 | H94: 0
A95: DDI reserved numbers (10) | D95: 868 | E95: 817 | F95: 817 | G95: 817 | H95: 817
A96: DDI reserved numbers (100) | D96: 99 | E96: 95 | F96: 95 | G96: 95 | H96: 95
A97: DDI reserved numbers (1000) | D97: 18 | E97: 17 | F97: 17 | G97: 17 | H97: 17
A98: DDI reserved numbers (10000) | D98: 0 | E98: 0 | F98: 0 | G98: 0 | H98: 0
A99: DDI facilities | D99: 1646 | E99: 1646 | F99: 1646 | G99: 1646 | H99: 1646
A100: Calamity services | D100: 0 | E100: 0 | F100: 0 | G100: 0 | H100: 0
... A104: Telex | D104: 0 | E104: 0 | F104: 0 | G104: 0 | H104: 0
A106: Server Management
A107: Support Services
A109: Number of Servers | D109: 1446 | E109: 1446 | F109: 1446 | G109: 1446 | H109: 1446
A110: Number of Production Servers
A111: Number of High Availability Servers
A112: Number of Centralised Servers
A113: Number of Decentralized Servers
A114: Number of Pedestal Servers
A115: Number of Rack Servers
A116: Number of Blade Servers
A119: Total DAS (TB) | D119: 51.595954 | E119: 46.595954 | F119: 46.595954 | G119: 46.595954 | H119: 46.595954
...
